--------------------------------------------------------
--  File created - Friday-September-06-2019   
--------------------------------------------------------
--------------------------------------------------------
--  DDL for Table BOND
--------------------------------------------------------

  CREATE TABLE "PROJECT"."BOND" 
   (	"SECURITY_SYMBOL" VARCHAR2(20 BYTE), 
	"FACE_VALUE" FLOAT(126), 
	"COUPON_RATE" FLOAT(126), 
	"FREQUENCY_OF_PAYMENT" VARCHAR2(20 BYTE), 
	"MATURITY" DATE
   ) SEGMENT CREATION IMMEDIATE 
  PCTFREE 10 PCTUSED 40 INITRANS 1 MAXTRANS 255 NOCOMPRESS LOGGING
  STORAGE(INITIAL 65536 NEXT 1048576 MINEXTENTS 1 MAXEXTENTS 2147483645
  PCTINCREASE 0 FREELISTS 1 FREELIST GROUPS 1 BUFFER_POOL DEFAULT FLASH_CACHE DEFAULT CELL_FLASH_CACHE DEFAULT)
  TABLESPACE "SYSTEM" ;
--------------------------------------------------------
--  DDL for Table COMMODITY
--------------------------------------------------------

  CREATE TABLE "PROJECT"."COMMODITY" 
   (	"SECURITY_SYMBOL" VARCHAR2(20 BYTE)
   ) SEGMENT CREATION IMMEDIATE 
  PCTFREE 10 PCTUSED 40 INITRANS 1 MAXTRANS 255 NOCOMPRESS LOGGING
  STORAGE(INITIAL 65536 NEXT 1048576 MINEXTENTS 1 MAXEXTENTS 2147483645
  PCTINCREASE 0 FREELISTS 1 FREELIST GROUPS 1 BUFFER_POOL DEFAULT FLASH_CACHE DEFAULT CELL_FLASH_CACHE DEFAULT)
  TABLESPACE "SYSTEM" ;
--------------------------------------------------------
--  DDL for Table COMPANY
--------------------------------------------------------

  CREATE TABLE "PROJECT"."COMPANY" 
   (	"COMPANY_ID" NUMBER, 
	"COMPANY_NAME" VARCHAR2(40 BYTE), 
	"SECTOR" VARCHAR2(40 BYTE)
   ) SEGMENT CREATION IMMEDIATE 
  PCTFREE 10 PCTUSED 40 INITRANS 1 MAXTRANS 255 NOCOMPRESS LOGGING
  STORAGE(INITIAL 65536 NEXT 1048576 MINEXTENTS 1 MAXEXTENTS 2147483645
  PCTINCREASE 0 FREELISTS 1 FREELIST GROUPS 1 BUFFER_POOL DEFAULT FLASH_CACHE DEFAULT CELL_FLASH_CACHE DEFAULT)
  TABLESPACE "SYSTEM" ;
--------------------------------------------------------
--  DDL for Table COMPANY_SECURITY
--------------------------------------------------------

  CREATE TABLE "PROJECT"."COMPANY_SECURITY" 
   (	"COMPANY_ID" NUMBER(*,0), 
	"SECURITY_SYMBOL" VARCHAR2(20 BYTE)
   ) SEGMENT CREATION IMMEDIATE 
  PCTFREE 10 PCTUSED 40 INITRANS 1 MAXTRANS 255 NOCOMPRESS LOGGING
  STORAGE(INITIAL 65536 NEXT 1048576 MINEXTENTS 1 MAXEXTENTS 2147483645
  PCTINCREASE 0 FREELISTS 1 FREELIST GROUPS 1 BUFFER_POOL DEFAULT FLASH_CACHE DEFAULT CELL_FLASH_CACHE DEFAULT)
  TABLESPACE "SYSTEM" ;
--------------------------------------------------------
--  DDL for Table CUSTOMER
--------------------------------------------------------

  CREATE TABLE "PROJECT"."CUSTOMER" 
   (	"CUSTOMER_ID" NUMBER(*,0), 
	"FULL_NAME" VARCHAR2(20 BYTE), 
	"DATE_OF_BIRTH" DATE, 
	"PLACE_OF_BIRTH" VARCHAR2(20 BYTE), 
	"GENDER" VARCHAR2(20 BYTE), 
	"NATIONALITY" VARCHAR2(20 BYTE), 
	"ADDRESS" VARCHAR2(50 BYTE), 
	"MOBILE_NO" VARCHAR2(10 BYTE), 
	"ADHAR_NO" VARCHAR2(20 BYTE), 
	"PAN_NO" VARCHAR2(20 BYTE), 
	"ACCOUNT_NO" VARCHAR2(20 BYTE)
   ) SEGMENT CREATION IMMEDIATE 
  PCTFREE 10 PCTUSED 40 INITRANS 1 MAXTRANS 255 NOCOMPRESS LOGGING
  STORAGE(INITIAL 65536 NEXT 1048576 MINEXTENTS 1 MAXEXTENTS 2147483645
  PCTINCREASE 0 FREELISTS 1 FREELIST GROUPS 1 BUFFER_POOL DEFAULT FLASH_CACHE DEFAULT CELL_FLASH_CACHE DEFAULT)
  TABLESPACE "SYSTEM" ;
--------------------------------------------------------
--  DDL for Table EQUITY
--------------------------------------------------------

  CREATE TABLE "PROJECT"."EQUITY" 
   (	"SECURITY_SYMBOL" VARCHAR2(20 BYTE)
   ) SEGMENT CREATION IMMEDIATE 
  PCTFREE 10 PCTUSED 40 INITRANS 1 MAXTRANS 255 NOCOMPRESS LOGGING
  STORAGE(INITIAL 65536 NEXT 1048576 MINEXTENTS 1 MAXEXTENTS 2147483645
  PCTINCREASE 0 FREELISTS 1 FREELIST GROUPS 1 BUFFER_POOL DEFAULT FLASH_CACHE DEFAULT CELL_FLASH_CACHE DEFAULT)
  TABLESPACE "SYSTEM" ;
--------------------------------------------------------
--  DDL for Table FUTURE
--------------------------------------------------------

  CREATE TABLE "PROJECT"."FUTURE" 
   (	"SECURITY_SYMBOL" VARCHAR2(20 BYTE), 
	"MATURITY" DATE
   ) SEGMENT CREATION IMMEDIATE 
  PCTFREE 10 PCTUSED 40 INITRANS 1 MAXTRANS 255 NOCOMPRESS LOGGING
  STORAGE(INITIAL 65536 NEXT 1048576 MINEXTENTS 1 MAXEXTENTS 2147483645
  PCTINCREASE 0 FREELISTS 1 FREELIST GROUPS 1 BUFFER_POOL DEFAULT FLASH_CACHE DEFAULT CELL_FLASH_CACHE DEFAULT)
  TABLESPACE "SYSTEM" ;
--------------------------------------------------------
--  DDL for Table LOGIN
--------------------------------------------------------

  CREATE TABLE "PROJECT"."LOGIN" 
   (	"CUSTOMER_ID" NUMBER, 
	"PASSWORD" VARCHAR2(20 BYTE)
   ) SEGMENT CREATION IMMEDIATE 
  PCTFREE 10 PCTUSED 40 INITRANS 1 MAXTRANS 255 NOCOMPRESS LOGGING
  STORAGE(INITIAL 65536 NEXT 1048576 MINEXTENTS 1 MAXEXTENTS 2147483645
  PCTINCREASE 0 FREELISTS 1 FREELIST GROUPS 1 BUFFER_POOL DEFAULT FLASH_CACHE DEFAULT CELL_FLASH_CACHE DEFAULT)
  TABLESPACE "SYSTEM" ;
--------------------------------------------------------
--  DDL for Table OPTIONS
--------------------------------------------------------

  CREATE TABLE "PROJECT"."OPTIONS" 
   (	"SECURITY_SYMBOL" VARCHAR2(20 BYTE), 
	"STRIKE_PRICE" FLOAT(126), 
	"EXPIRATION_DATE" DATE, 
	"PREMIUM" FLOAT(126), 
	"LOT_SIZE" NUMBER(*,0)
   ) SEGMENT CREATION IMMEDIATE 
  PCTFREE 10 PCTUSED 40 INITRANS 1 MAXTRANS 255 NOCOMPRESS LOGGING
  STORAGE(INITIAL 65536 NEXT 1048576 MINEXTENTS 1 MAXEXTENTS 2147483645
  PCTINCREASE 0 FREELISTS 1 FREELIST GROUPS 1 BUFFER_POOL DEFAULT FLASH_CACHE DEFAULT CELL_FLASH_CACHE DEFAULT)
  TABLESPACE "SYSTEM" ;
--------------------------------------------------------
--  DDL for Table PRICE
--------------------------------------------------------

  CREATE TABLE "PROJECT"."PRICE" 
   (	"PRICE" FLOAT(126), 
	"TRADE_DATE" DATE, 
	"SECURITY_SYMBOL" VARCHAR2(20 BYTE)
   ) SEGMENT CREATION IMMEDIATE 
  PCTFREE 10 PCTUSED 40 INITRANS 1 MAXTRANS 255 NOCOMPRESS LOGGING
  STORAGE(INITIAL 65536 NEXT 1048576 MINEXTENTS 1 MAXEXTENTS 2147483645
  PCTINCREASE 0 FREELISTS 1 FREELIST GROUPS 1 BUFFER_POOL DEFAULT FLASH_CACHE DEFAULT CELL_FLASH_CACHE DEFAULT)
  TABLESPACE "SYSTEM" ;
--------------------------------------------------------
--  DDL for Table SECURITY
--------------------------------------------------------

  CREATE TABLE "PROJECT"."SECURITY" 
   (	"SECURITY_SYMBOL" VARCHAR2(20 BYTE), 
	"SECURITY_TYPE" VARCHAR2(20 BYTE)
   ) SEGMENT CREATION IMMEDIATE 
  PCTFREE 10 PCTUSED 40 INITRANS 1 MAXTRANS 255 NOCOMPRESS LOGGING
  STORAGE(INITIAL 65536 NEXT 1048576 MINEXTENTS 1 MAXEXTENTS 2147483645
  PCTINCREASE 0 FREELISTS 1 FREELIST GROUPS 1 BUFFER_POOL DEFAULT FLASH_CACHE DEFAULT CELL_FLASH_CACHE DEFAULT)
  TABLESPACE "SYSTEM" ;
--------------------------------------------------------
--  DDL for Table TRANSACTION
--------------------------------------------------------

  CREATE TABLE "PROJECT"."TRANSACTION" 
   (	"CUSTOMER_ID" NUMBER, 
	"TRADE_DATE" DATE, 
	"SECURITY_SYMBOL" VARCHAR2(20 BYTE), 
	"QTY_OF_TRADED_SEC" NUMBER(*,0), 
	"TRANSACTION_ID" VARCHAR2(20 BYTE)
   ) SEGMENT CREATION IMMEDIATE 
  PCTFREE 10 PCTUSED 40 INITRANS 1 MAXTRANS 255 NOCOMPRESS LOGGING
  STORAGE(INITIAL 65536 NEXT 1048576 MINEXTENTS 1 MAXEXTENTS 2147483645
  PCTINCREASE 0 FREELISTS 1 FREELIST GROUPS 1 BUFFER_POOL DEFAULT FLASH_CACHE DEFAULT CELL_FLASH_CACHE DEFAULT)
  TABLESPACE "SYSTEM" ;
REM INSERTING into PROJECT.BOND
SET DEFINE OFF;
Insert into PROJECT.BOND (SECURITY_SYMBOL,FACE_VALUE,COUPON_RATE,FREQUENCY_OF_PAYMENT,MATURITY) values ('MANAPPURAM-BOND',1511,0,'Quarterly',to_date('05-FEB-20','DD-MON-RR'));
REM INSERTING into PROJECT.COMMODITY
SET DEFINE OFF;
Insert into PROJECT.COMMODITY (SECURITY_SYMBOL) values ('AXISGOLD-COM');
REM INSERTING into PROJECT.COMPANY
SET DEFINE OFF;
Insert into PROJECT.COMPANY (COMPANY_ID,COMPANY_NAME,SECTOR) values (101,'YesBank','Finance');
Insert into PROJECT.COMPANY (COMPANY_ID,COMPANY_NAME,SECTOR) values (102,'Manappuram Finance','Finance');
Insert into PROJECT.COMPANY (COMPANY_ID,COMPANY_NAME,SECTOR) values (103,'Axis Bank','Finance');
Insert into PROJECT.COMPANY (COMPANY_ID,COMPANY_NAME,SECTOR) values (104,'Maruti Suzuki','Automobile');
Insert into PROJECT.COMPANY (COMPANY_ID,COMPANY_NAME,SECTOR) values (105,'State Bank of India','Finance');
REM INSERTING into PROJECT.COMPANY_SECURITY
SET DEFINE OFF;
Insert into PROJECT.COMPANY_SECURITY (COMPANY_ID,SECURITY_SYMBOL) values (103,'AXISGOLD-COM');
Insert into PROJECT.COMPANY_SECURITY (COMPANY_ID,SECURITY_SYMBOL) values (101,'YESBANK-OPT');
Insert into PROJECT.COMPANY_SECURITY (COMPANY_ID,SECURITY_SYMBOL) values (105,'SBIN-FUT');
Insert into PROJECT.COMPANY_SECURITY (COMPANY_ID,SECURITY_SYMBOL) values (102,'MANAPPURAM-BOND');
Insert into PROJECT.COMPANY_SECURITY (COMPANY_ID,SECURITY_SYMBOL) values (104,'MARUTI-EQ');
REM INSERTING into PROJECT.CUSTOMER
SET DEFINE OFF;
Insert into PROJECT.CUSTOMER (CUSTOMER_ID,FULL_NAME,DATE_OF_BIRTH,PLACE_OF_BIRTH,GENDER,NATIONALITY,ADDRESS,MOBILE_NO,ADHAR_NO,PAN_NO,ACCOUNT_NO) values (111111,'Ganesh Raj',to_date('02-SEP-19','DD-MON-RR'),'Pune','Male','Indian','Kharadi, Pune','9876512345','499118665246','JECPD1234G','4975931557644951');
Insert into PROJECT.CUSTOMER (CUSTOMER_ID,FULL_NAME,DATE_OF_BIRTH,PLACE_OF_BIRTH,GENDER,NATIONALITY,ADDRESS,MOBILE_NO,ADHAR_NO,PAN_NO,ACCOUNT_NO) values (222222,'Mukesh Rai',to_date('06-JUN-68','DD-MON-RR'),'Kochi','Male','Indian','Kaloor, Kochi','9998887654','489118665123','HEDPS3457H','4485426830087220');
Insert into PROJECT.CUSTOMER (CUSTOMER_ID,FULL_NAME,DATE_OF_BIRTH,PLACE_OF_BIRTH,GENDER,NATIONALITY,ADDRESS,MOBILE_NO,ADHAR_NO,PAN_NO,ACCOUNT_NO) values (333333,'Seema Jai',to_date('11-SEP-19','DD-MON-RR'),'Mangalore','Female','Indian','Udupi, Mangalore','9008006677','489118345123','GHDPF4589G','4916365351178167');
REM INSERTING into PROJECT.EQUITY
SET DEFINE OFF;
Insert into PROJECT.EQUITY (SECURITY_SYMBOL) values ('MARUTI-EQ');
REM INSERTING into PROJECT.FUTURE
SET DEFINE OFF;
Insert into PROJECT.FUTURE (SECURITY_SYMBOL,MATURITY) values ('SBIN-FUT',to_date('26-SEP-19','DD-MON-RR'));
REM INSERTING into PROJECT.LOGIN
SET DEFINE OFF;
Insert into PROJECT.LOGIN (CUSTOMER_ID,PASSWORD) values (111111,'111111');
Insert into PROJECT.LOGIN (CUSTOMER_ID,PASSWORD) values (222222,'222222');
Insert into PROJECT.LOGIN (CUSTOMER_ID,PASSWORD) values (333333,'333333');
REM INSERTING into PROJECT.OPTIONS
SET DEFINE OFF;
Insert into PROJECT.OPTIONS (SECURITY_SYMBOL,STRIKE_PRICE,EXPIRATION_DATE,PREMIUM,LOT_SIZE) values ('YESBANK-OPT',70,to_date('26-SEP-19','DD-MON-RR'),100,100);
REM INSERTING into PROJECT.PRICE
SET DEFINE OFF;
Insert into PROJECT.PRICE (PRICE,TRADE_DATE,SECURITY_SYMBOL) values (3360,to_date('06-SEP-19','DD-MON-RR'),'AXISGOLD-COM');
Insert into PROJECT.PRICE (PRICE,TRADE_DATE,SECURITY_SYMBOL) values (60.75,to_date('06-SEP-19','DD-MON-RR'),'YESBANK-OPT');
Insert into PROJECT.PRICE (PRICE,TRADE_DATE,SECURITY_SYMBOL) values (6157.85,to_date('06-SEP-19','DD-MON-RR'),'MARUTI-EQ');
Insert into PROJECT.PRICE (PRICE,TRADE_DATE,SECURITY_SYMBOL) values (1511,to_date('06-SEP-19','DD-MON-RR'),'MANAPPURAM-BOND');
Insert into PROJECT.PRICE (PRICE,TRADE_DATE,SECURITY_SYMBOL) values (273.5,to_date('06-SEP-19','DD-MON-RR'),'SBIN-FUT');
REM INSERTING into PROJECT.SECURITY
SET DEFINE OFF;
Insert into PROJECT.SECURITY (SECURITY_SYMBOL,SECURITY_TYPE) values ('AXISGOLD-COM','COMMODITY');
Insert into PROJECT.SECURITY (SECURITY_SYMBOL,SECURITY_TYPE) values ('SBIN-FUT','FUTURE');
Insert into PROJECT.SECURITY (SECURITY_SYMBOL,SECURITY_TYPE) values ('MANAPPURAM-BOND','BOND');
Insert into PROJECT.SECURITY (SECURITY_SYMBOL,SECURITY_TYPE) values ('MARUTI-EQ','EQUITY');
Insert into PROJECT.SECURITY (SECURITY_SYMBOL,SECURITY_TYPE) values ('YESBANK-OPT','OPTION');
REM INSERTING into PROJECT.TRANSACTION
SET DEFINE OFF;
Insert into PROJECT.TRANSACTION (CUSTOMER_ID,TRADE_DATE,SECURITY_SYMBOL,QTY_OF_TRADED_SEC,TRANSACTION_ID) values (222222,to_date('04-SEP-19','DD-MON-RR'),'MANAPPURAM-BOND',80,'200001');
Insert into PROJECT.TRANSACTION (CUSTOMER_ID,TRADE_DATE,SECURITY_SYMBOL,QTY_OF_TRADED_SEC,TRANSACTION_ID) values (333333,to_date('02-SEP-19','DD-MON-RR'),'MARUTI-EQ',45,'300001');
Insert into PROJECT.TRANSACTION (CUSTOMER_ID,TRADE_DATE,SECURITY_SYMBOL,QTY_OF_TRADED_SEC,TRANSACTION_ID) values (111111,to_date('01-SEP-19','DD-MON-RR'),'AXISGOLD-COM',200,'100002');
Insert into PROJECT.TRANSACTION (CUSTOMER_ID,TRADE_DATE,SECURITY_SYMBOL,QTY_OF_TRADED_SEC,TRANSACTION_ID) values (111111,to_date('03-SEP-19','DD-MON-RR'),'YESBANK-OPT',140,'100001');
Insert into PROJECT.TRANSACTION (CUSTOMER_ID,TRADE_DATE,SECURITY_SYMBOL,QTY_OF_TRADED_SEC,TRANSACTION_ID) values (222222,to_date('04-SEP-19','DD-MON-RR'),'SBIN-FUT',120,'200002');
--------------------------------------------------------
--  DDL for Index TRANSACTION_PK
--------------------------------------------------------

  CREATE UNIQUE INDEX "PROJECT"."TRANSACTION_PK" ON "PROJECT"."TRANSACTION" ("TRANSACTION_ID") 
  PCTFREE 10 INITRANS 2 MAXTRANS 255 COMPUTE STATISTICS 
  STORAGE(INITIAL 65536 NEXT 1048576 MINEXTENTS 1 MAXEXTENTS 2147483645
  PCTINCREASE 0 FREELISTS 1 FREELIST GROUPS 1 BUFFER_POOL DEFAULT FLASH_CACHE DEFAULT CELL_FLASH_CACHE DEFAULT)
  TABLESPACE "SYSTEM" ;
--------------------------------------------------------
--  DDL for Index SECURITY_PK
--------------------------------------------------------

  CREATE UNIQUE INDEX "PROJECT"."SECURITY_PK" ON "PROJECT"."SECURITY" ("SECURITY_SYMBOL") 
  PCTFREE 10 INITRANS 2 MAXTRANS 255 COMPUTE STATISTICS 
  STORAGE(INITIAL 65536 NEXT 1048576 MINEXTENTS 1 MAXEXTENTS 2147483645
  PCTINCREASE 0 FREELISTS 1 FREELIST GROUPS 1 BUFFER_POOL DEFAULT FLASH_CACHE DEFAULT CELL_FLASH_CACHE DEFAULT)
  TABLESPACE "SYSTEM" ;
--------------------------------------------------------
--  DDL for Index CUSTOMER_PK
--------------------------------------------------------

  CREATE UNIQUE INDEX "PROJECT"."CUSTOMER_PK" ON "PROJECT"."CUSTOMER" ("CUSTOMER_ID") 
  PCTFREE 10 INITRANS 2 MAXTRANS 255 COMPUTE STATISTICS 
  STORAGE(INITIAL 65536 NEXT 1048576 MINEXTENTS 1 MAXEXTENTS 2147483645
  PCTINCREASE 0 FREELISTS 1 FREELIST GROUPS 1 BUFFER_POOL DEFAULT FLASH_CACHE DEFAULT CELL_FLASH_CACHE DEFAULT)
  TABLESPACE "SYSTEM" ;
--------------------------------------------------------
--  DDL for Index COMPANIES_PK
--------------------------------------------------------

  CREATE UNIQUE INDEX "PROJECT"."COMPANIES_PK" ON "PROJECT"."COMPANY" ("COMPANY_ID") 
  PCTFREE 10 INITRANS 2 MAXTRANS 255 COMPUTE STATISTICS 
  STORAGE(INITIAL 65536 NEXT 1048576 MINEXTENTS 1 MAXEXTENTS 2147483645
  PCTINCREASE 0 FREELISTS 1 FREELIST GROUPS 1 BUFFER_POOL DEFAULT FLASH_CACHE DEFAULT CELL_FLASH_CACHE DEFAULT)
  TABLESPACE "SYSTEM" ;
--------------------------------------------------------
--  Constraints for Table TRANSACTION
--------------------------------------------------------

  ALTER TABLE "PROJECT"."TRANSACTION" ADD CONSTRAINT "TRANSACTION_PK" PRIMARY KEY ("TRANSACTION_ID")
  USING INDEX PCTFREE 10 INITRANS 2 MAXTRANS 255 COMPUTE STATISTICS 
  STORAGE(INITIAL 65536 NEXT 1048576 MINEXTENTS 1 MAXEXTENTS 2147483645
  PCTINCREASE 0 FREELISTS 1 FREELIST GROUPS 1 BUFFER_POOL DEFAULT FLASH_CACHE DEFAULT CELL_FLASH_CACHE DEFAULT)
  TABLESPACE "SYSTEM"  ENABLE;
  ALTER TABLE "PROJECT"."TRANSACTION" MODIFY ("TRANSACTION_ID" NOT NULL ENABLE);
  ALTER TABLE "PROJECT"."TRANSACTION" MODIFY ("QTY_OF_TRADED_SEC" NOT NULL ENABLE);
  ALTER TABLE "PROJECT"."TRANSACTION" MODIFY ("SECURITY_SYMBOL" NOT NULL ENABLE);
  ALTER TABLE "PROJECT"."TRANSACTION" MODIFY ("TRADE_DATE" NOT NULL ENABLE);
  ALTER TABLE "PROJECT"."TRANSACTION" MODIFY ("CUSTOMER_ID" NOT NULL ENABLE);
--------------------------------------------------------
--  Constraints for Table COMMODITY
--------------------------------------------------------

  ALTER TABLE "PROJECT"."COMMODITY" MODIFY ("SECURITY_SYMBOL" NOT NULL ENABLE);
--------------------------------------------------------
--  Constraints for Table CUSTOMER
--------------------------------------------------------

  ALTER TABLE "PROJECT"."CUSTOMER" ADD CONSTRAINT "CUSTOMER_PK" PRIMARY KEY ("CUSTOMER_ID")
  USING INDEX PCTFREE 10 INITRANS 2 MAXTRANS 255 COMPUTE STATISTICS 
  STORAGE(INITIAL 65536 NEXT 1048576 MINEXTENTS 1 MAXEXTENTS 2147483645
  PCTINCREASE 0 FREELISTS 1 FREELIST GROUPS 1 BUFFER_POOL DEFAULT FLASH_CACHE DEFAULT CELL_FLASH_CACHE DEFAULT)
  TABLESPACE "SYSTEM"  ENABLE;
  ALTER TABLE "PROJECT"."CUSTOMER" MODIFY ("ACCOUNT_NO" NOT NULL ENABLE);
  ALTER TABLE "PROJECT"."CUSTOMER" MODIFY ("PAN_NO" NOT NULL ENABLE);
  ALTER TABLE "PROJECT"."CUSTOMER" MODIFY ("ADHAR_NO" NOT NULL ENABLE);
  ALTER TABLE "PROJECT"."CUSTOMER" MODIFY ("MOBILE_NO" NOT NULL ENABLE);
  ALTER TABLE "PROJECT"."CUSTOMER" MODIFY ("ADDRESS" NOT NULL ENABLE);
  ALTER TABLE "PROJECT"."CUSTOMER" MODIFY ("NATIONALITY" NOT NULL ENABLE);
  ALTER TABLE "PROJECT"."CUSTOMER" MODIFY ("GENDER" NOT NULL ENABLE);
  ALTER TABLE "PROJECT"."CUSTOMER" MODIFY ("PLACE_OF_BIRTH" NOT NULL ENABLE);
  ALTER TABLE "PROJECT"."CUSTOMER" MODIFY ("DATE_OF_BIRTH" NOT NULL ENABLE);
  ALTER TABLE "PROJECT"."CUSTOMER" MODIFY ("FULL_NAME" NOT NULL ENABLE);
  ALTER TABLE "PROJECT"."CUSTOMER" MODIFY ("CUSTOMER_ID" NOT NULL ENABLE);
--------------------------------------------------------
--  Constraints for Table BOND
--------------------------------------------------------

  ALTER TABLE "PROJECT"."BOND" MODIFY ("MATURITY" NOT NULL ENABLE);
  ALTER TABLE "PROJECT"."BOND" MODIFY ("FREQUENCY_OF_PAYMENT" NOT NULL ENABLE);
  ALTER TABLE "PROJECT"."BOND" MODIFY ("COUPON_RATE" NOT NULL ENABLE);
  ALTER TABLE "PROJECT"."BOND" MODIFY ("FACE_VALUE" NOT NULL ENABLE);
  ALTER TABLE "PROJECT"."BOND" MODIFY ("SECURITY_SYMBOL" NOT NULL ENABLE);
--------------------------------------------------------
--  Constraints for Table FUTURE
--------------------------------------------------------

  ALTER TABLE "PROJECT"."FUTURE" MODIFY ("MATURITY" NOT NULL ENABLE);
  ALTER TABLE "PROJECT"."FUTURE" MODIFY ("SECURITY_SYMBOL" NOT NULL ENABLE);
--------------------------------------------------------
--  Constraints for Table SECURITY
--------------------------------------------------------

  ALTER TABLE "PROJECT"."SECURITY" ADD CONSTRAINT "SECURITY_PK" PRIMARY KEY ("SECURITY_SYMBOL")
  USING INDEX PCTFREE 10 INITRANS 2 MAXTRANS 255 COMPUTE STATISTICS 
  STORAGE(INITIAL 65536 NEXT 1048576 MINEXTENTS 1 MAXEXTENTS 2147483645
  PCTINCREASE 0 FREELISTS 1 FREELIST GROUPS 1 BUFFER_POOL DEFAULT FLASH_CACHE DEFAULT CELL_FLASH_CACHE DEFAULT)
  TABLESPACE "SYSTEM"  ENABLE;
  ALTER TABLE "PROJECT"."SECURITY" MODIFY ("SECURITY_TYPE" NOT NULL ENABLE);
  ALTER TABLE "PROJECT"."SECURITY" MODIFY ("SECURITY_SYMBOL" NOT NULL ENABLE);
--------------------------------------------------------
--  Constraints for Table OPTIONS
--------------------------------------------------------

  ALTER TABLE "PROJECT"."OPTIONS" MODIFY ("PREMIUM" NOT NULL ENABLE);
  ALTER TABLE "PROJECT"."OPTIONS" MODIFY ("EXPIRATION_DATE" NOT NULL ENABLE);
  ALTER TABLE "PROJECT"."OPTIONS" MODIFY ("STRIKE_PRICE" NOT NULL ENABLE);
  ALTER TABLE "PROJECT"."OPTIONS" MODIFY ("LOT_SIZE" NOT NULL ENABLE);
  ALTER TABLE "PROJECT"."OPTIONS" MODIFY ("SECURITY_SYMBOL" NOT NULL ENABLE);
--------------------------------------------------------
--  Constraints for Table EQUITY
--------------------------------------------------------

  ALTER TABLE "PROJECT"."EQUITY" MODIFY ("SECURITY_SYMBOL" NOT NULL ENABLE);
--------------------------------------------------------
--  Constraints for Table COMPANY
--------------------------------------------------------

  ALTER TABLE "PROJECT"."COMPANY" MODIFY ("SECTOR" NOT NULL ENABLE);
  ALTER TABLE "PROJECT"."COMPANY" MODIFY ("COMPANY_NAME" NOT NULL ENABLE);
  ALTER TABLE "PROJECT"."COMPANY" ADD CONSTRAINT "COMPANIES_PK" PRIMARY KEY ("COMPANY_ID")
  USING INDEX PCTFREE 10 INITRANS 2 MAXTRANS 255 COMPUTE STATISTICS 
  STORAGE(INITIAL 65536 NEXT 1048576 MINEXTENTS 1 MAXEXTENTS 2147483645
  PCTINCREASE 0 FREELISTS 1 FREELIST GROUPS 1 BUFFER_POOL DEFAULT FLASH_CACHE DEFAULT CELL_FLASH_CACHE DEFAULT)
  TABLESPACE "SYSTEM"  ENABLE;
  ALTER TABLE "PROJECT"."COMPANY" MODIFY ("COMPANY_ID" NOT NULL ENABLE);
--------------------------------------------------------
--  Constraints for Table COMPANY_SECURITY
--------------------------------------------------------

  ALTER TABLE "PROJECT"."COMPANY_SECURITY" MODIFY ("SECURITY_SYMBOL" NOT NULL ENABLE);
  ALTER TABLE "PROJECT"."COMPANY_SECURITY" MODIFY ("COMPANY_ID" NOT NULL ENABLE);
--------------------------------------------------------
--  Constraints for Table LOGIN
--------------------------------------------------------

  ALTER TABLE "PROJECT"."LOGIN" MODIFY ("PASSWORD" NOT NULL ENABLE);
  ALTER TABLE "PROJECT"."LOGIN" MODIFY ("CUSTOMER_ID" NOT NULL ENABLE);
--------------------------------------------------------
--  Constraints for Table PRICE
--------------------------------------------------------

  ALTER TABLE "PROJECT"."PRICE" MODIFY ("SECURITY_SYMBOL" NOT NULL ENABLE);
  ALTER TABLE "PROJECT"."PRICE" MODIFY ("TRADE_DATE" NOT NULL ENABLE);
  ALTER TABLE "PROJECT"."PRICE" MODIFY ("PRICE" NOT NULL ENABLE);
--------------------------------------------------------
--  Ref Constraints for Table BOND
--------------------------------------------------------

  ALTER TABLE "PROJECT"."BOND" ADD CONSTRAINT "BOND_FK1" FOREIGN KEY ("SECURITY_SYMBOL")
	  REFERENCES "PROJECT"."SECURITY" ("SECURITY_SYMBOL") ON DELETE CASCADE ENABLE;
--------------------------------------------------------
--  Ref Constraints for Table COMMODITY
--------------------------------------------------------

  ALTER TABLE "PROJECT"."COMMODITY" ADD CONSTRAINT "COMMODITY_FK1" FOREIGN KEY ("SECURITY_SYMBOL")
	  REFERENCES "PROJECT"."SECURITY" ("SECURITY_SYMBOL") ON DELETE CASCADE ENABLE;
--------------------------------------------------------
--  Ref Constraints for Table COMPANY_SECURITY
--------------------------------------------------------

  ALTER TABLE "PROJECT"."COMPANY_SECURITY" ADD CONSTRAINT "COMP_ISSUED_SECURITY_FK1" FOREIGN KEY ("COMPANY_ID")
	  REFERENCES "PROJECT"."COMPANY" ("COMPANY_ID") ON DELETE CASCADE ENABLE;
  ALTER TABLE "PROJECT"."COMPANY_SECURITY" ADD CONSTRAINT "COMP_ISSUED_SECURITY_FK2" FOREIGN KEY ("SECURITY_SYMBOL")
	  REFERENCES "PROJECT"."SECURITY" ("SECURITY_SYMBOL") ON DELETE CASCADE ENABLE;
--------------------------------------------------------
--  Ref Constraints for Table EQUITY
--------------------------------------------------------

  ALTER TABLE "PROJECT"."EQUITY" ADD CONSTRAINT "EQUITY_FK1" FOREIGN KEY ("SECURITY_SYMBOL")
	  REFERENCES "PROJECT"."SECURITY" ("SECURITY_SYMBOL") ON DELETE CASCADE ENABLE;
--------------------------------------------------------
--  Ref Constraints for Table FUTURE
--------------------------------------------------------

  ALTER TABLE "PROJECT"."FUTURE" ADD CONSTRAINT "FUTURE_FK1" FOREIGN KEY ("SECURITY_SYMBOL")
	  REFERENCES "PROJECT"."SECURITY" ("SECURITY_SYMBOL") ON DELETE CASCADE ENABLE;
--------------------------------------------------------
--  Ref Constraints for Table LOGIN
--------------------------------------------------------

  ALTER TABLE "PROJECT"."LOGIN" ADD CONSTRAINT "LOGIN_FK1" FOREIGN KEY ("CUSTOMER_ID")
	  REFERENCES "PROJECT"."CUSTOMER" ("CUSTOMER_ID") ON DELETE CASCADE ENABLE;
--------------------------------------------------------
--  Ref Constraints for Table OPTIONS
--------------------------------------------------------

  ALTER TABLE "PROJECT"."OPTIONS" ADD CONSTRAINT "OPTIONS_FK1" FOREIGN KEY ("SECURITY_SYMBOL")
	  REFERENCES "PROJECT"."SECURITY" ("SECURITY_SYMBOL") ON DELETE CASCADE ENABLE;
--------------------------------------------------------
--  Ref Constraints for Table PRICE
--------------------------------------------------------

  ALTER TABLE "PROJECT"."PRICE" ADD CONSTRAINT "PRICE_FK1" FOREIGN KEY ("SECURITY_SYMBOL")
	  REFERENCES "PROJECT"."SECURITY" ("SECURITY_SYMBOL") ENABLE;
--------------------------------------------------------
--  Ref Constraints for Table TRANSACTION
--------------------------------------------------------

  ALTER TABLE "PROJECT"."TRANSACTION" ADD CONSTRAINT "TRANSACTION_FK1" FOREIGN KEY ("CUSTOMER_ID")
	  REFERENCES "PROJECT"."CUSTOMER" ("CUSTOMER_ID") ON DELETE CASCADE ENABLE;
  ALTER TABLE "PROJECT"."TRANSACTION" ADD CONSTRAINT "TRANSACTION_FK2" FOREIGN KEY ("SECURITY_SYMBOL")
	  REFERENCES "PROJECT"."SECURITY" ("SECURITY_SYMBOL") ENABLE;
